<?xml version="1.0" encoding="UTF-8"?>

<Observation xmlns="http://hl7.org/fhir">
  <id value="TLSVObservationExampleDAS28-01"/>
  <meta>
    <profile value="https://interop.esante.gouv.fr/ig/fhir/telesurveillance/StructureDefinition/tlsv-observation"/>
  </meta>
  <text>
    <status value="generated"/><div xmlns="http://www.w3.org/1999/xhtml"><p class="res-header-id"><b>Narratif généré : Observation TLSVObservationExampleDAS28-01</b></p><a name="TLSVObservationExampleDAS28-01"> </a><a name="hcTLSVObservationExampleDAS28-01"> </a><div style="display: inline-block; background-color: #d9e0e7; padding: 6px; margin: 4px; border: 1px solid #8da1b4; border-radius: 5px; line-height: 60%"><p style="margin-bottom: 0px"/><p style="margin-bottom: 0px">Profil: <a href="StructureDefinition-tlsv-observation.html">Profil Observation pour la telesurveillance</a></p></div><p><b>status</b>: Final</p><p><b>category</b>: <span title="Codes :{http://terminology.hl7.org/CodeSystem/observation-category survey}">Survey</span></p><p><b>code</b>: <span title="Codes :{http://snomed.info/sct 442736000}">Tender 28 joint count</span></p><p><b>subject</b>: <a href="Patient-ExamplefrCorePatient001.html">Pierre Durand</a></p><p><b>effective</b>: 2023-10-09 10:45:00+0200</p><p><b>performer</b>: <a href="Patient-ExamplefrCorePatient001.html">Pierre Durand</a></p><p><b>value</b>: 5</p><h3>ReferenceRanges</h3><table class="grid"><tr><td style="display: none">-</td><td><b>Low</b></td><td><b>High</b></td></tr><tr><td style="display: none">*</td><td>0</td><td>28</td></tr></table><p><b>derivedFrom</b>: <a href="https://somefhirserver.fr/QuestionResponse/4365462658738">https://somefhirserver.fr/QuestionResponse/4365462658738</a></p></div>
  </text>
  <status value="final"/>
  <category>
    <coding>
      <system value="http://terminology.hl7.org/CodeSystem/observation-category"/>
      <code value="survey"/>
    </coding>
  </category>
  <code>
    <coding>
      <system value="http://snomed.info/sct"/>
      <code value="442736000"/>
      <display value="Tender 28 joint count"/>
    </coding>
  </code>
  <subject>
    <reference value="Patient/ExamplefrCorePatient001"/>
    <display value="Pierre Durand"/>
  </subject>
  <effectiveDateTime value="2023-10-09T10:45:00+02:00"/>
  <performer>
    <reference value="Patient/ExamplefrCorePatient001"/>
    <display value="Pierre Durand"/>
  </performer>
  <valueInteger value="5"/>
  <referenceRange>
    <low>
      <value value="0"/>
    </low>
    <high>
      <value value="28"/>
    </high>
  </referenceRange>
  <derivedFrom>
    <reference value="https://somefhirserver.fr/QuestionResponse/4365462658738"/>
  </derivedFrom>
</Observation>