{
  "resourceType" : "Device",
  "id" : "phd-74E8FFFEFF051C00",
  "meta" : {
    "profile" : ["http://hl7.org/fhir/uv/phd/StructureDefinition/PhdDevice"]
  },
  "text" : {
    "status" : "generated",
    "div" : "<div xmlns=\"http://www.w3.org/1999/xhtml\"><p class=\"res-header-id\"><b>Generated Narrative: Device phd-74E8FFFEFF051C00</b></p><a name=\"phd-74E8FFFEFF051C00\"> </a><a name=\"hcphd-74E8FFFEFF051C00\"> </a><a name=\"hcphd-74E8FFFEFF051C00-fr-FR\"> </a><p><b>identifier</b>: SYSID/74-E8-FF-FE-FF-05-1C-00, BTMAC/00-1C-05-FF-E8-74</p><p><b>manufacturer</b>: Nonin_Medical_Inc.</p><p><b>serialNumber</b>: 501900083</p><p><b>modelNumber</b>: Model 3230</p><p><b>type</b>: <span title=\"Codes:{urn:iso:std:iso:11073:10101 65573}\">MDC_MOC_VMS_MDS_SIMP</span></p><h3>Specializations</h3><table class=\"grid\"><tr><td style=\"display: none\">-</td><td><b>SystemType</b></td><td><b>Version</b></td></tr><tr><td style=\"display: none\">*</td><td><span title=\"Codes:{urn:iso:std:iso:11073:10101 528388}\">MDC_DEV_SPEC_PROFILE_PULS_OXIM: Pulse Oximeter</span></td><td>1</td></tr></table><blockquote><p><b>version</b></p><p><b>type</b>: <span title=\"Codes:{urn:iso:std:iso:11073:10101 531976}\">MDC_ID_PROD_SPEC_FW: Firmware revision</span></p><p><b>value</b>: r2.1</p></blockquote><blockquote><p><b>version</b></p><p><b>type</b>: <span title=\"Codes:{urn:iso:std:iso:11073:10101 531975}\">MDC_ID_PROD_SPEC_SW: Software revision</span></p><p><b>value</b>: r1.5 9.7</p></blockquote><blockquote><p><b>version</b></p><p><b>type</b>: <span title=\"Codes:{urn:iso:std:iso:11073:10101 531974}\">MDC_ID_PROD_SPEC_HW: Hardware revision</span></p><p><b>value</b>: r1.0</p></blockquote><blockquote><p><b>version</b></p><p><b>type</b>: <span title=\"Codes:{urn:iso:std:iso:11073:10101 532352}\">MDC_REG_CERT_DATA_CONTINUA_VERSION: Continua version</span></p><p><b>value</b>: 6.0</p></blockquote><blockquote><p><b>property</b></p><p><b>type</b>: <span title=\"Codes:{urn:iso:std:iso:11073:10101 532353}\">MDC_REG_CERT_DATA_CONTINUA_CERT_DEV_LIST: certified device list as transport-specialization combo</span></p><p><b>valueCode</b>: <span title=\"Codes:{http://hl7.org/fhir/uv/phd/CodeSystem/ContinuaPHD 32772}\">32772</span></p></blockquote><blockquote><p><b>property</b></p><p><b>type</b>: <span title=\"Codes:{http://hl7.org/fhir/uv/phd/CodeSystem/ASN1ToHL7 532354.0}\">regulation-status</span></p><p><b>valueCode</b>: <span title=\"Codes:{http://terminology.hl7.org/CodeSystem/v2-0136 N}\">Device is Regulated</span></p></blockquote><blockquote><p><b>property</b></p><p><b>type</b>: <span title=\"Codes:{urn:iso:std:iso:11073:10101 68220}\">MDC_TIME_SYNC_PROTOCOL: Time synchronization protocol</span></p><p><b>valueCode</b>: <span title=\"Codes:{urn:iso:std:iso:11073:10101 532224}\">MDC_TIME_SYNC_NONE:</span></p></blockquote></div>"
  },
  "identifier" : [{
    "type" : {
      "coding" : [{
        "system" : "http://hl7.org/fhir/uv/phd/CodeSystem/ContinuaDeviceIdentifiers",
        "code" : "SYSID"
      }]
    },
    "system" : "urn:oid:1.2.840.10004.1.1.1.0.0.1.0.0.1.2680",
    "value" : "74-E8-FF-FE-FF-05-1C-00"
  },
  {
    "type" : {
      "coding" : [{
        "system" : "http://hl7.org/fhir/uv/phd/CodeSystem/ContinuaDeviceIdentifiers",
        "code" : "BTMAC"
      }]
    },
    "system" : "http://hl7.org/fhir/sid/eui-48/bluetooth",
    "value" : "00-1C-05-FF-E8-74"
  }],
  "manufacturer" : "Nonin_Medical_Inc.",
  "serialNumber" : "501900083",
  "modelNumber" : "Model 3230",
  "type" : {
    "coding" : [{
      "system" : "urn:iso:std:iso:11073:10101",
      "code" : "65573"
    }],
    "text" : "MDC_MOC_VMS_MDS_SIMP"
  },
  "specialization" : [{
    "systemType" : {
      "coding" : [{
        "system" : "urn:iso:std:iso:11073:10101",
        "code" : "528388"
      }],
      "text" : "MDC_DEV_SPEC_PROFILE_PULS_OXIM: Pulse Oximeter"
    },
    "version" : "1"
  }],
  "version" : [{
    "type" : {
      "coding" : [{
        "system" : "urn:iso:std:iso:11073:10101",
        "code" : "531976"
      }],
      "text" : "MDC_ID_PROD_SPEC_FW: Firmware revision"
    },
    "value" : "r2.1"
  },
  {
    "type" : {
      "coding" : [{
        "system" : "urn:iso:std:iso:11073:10101",
        "code" : "531975"
      }],
      "text" : "MDC_ID_PROD_SPEC_SW: Software revision"
    },
    "value" : "r1.5 9.7"
  },
  {
    "type" : {
      "coding" : [{
        "system" : "urn:iso:std:iso:11073:10101",
        "code" : "531974"
      }],
      "text" : "MDC_ID_PROD_SPEC_HW: Hardware revision"
    },
    "value" : "r1.0"
  },
  {
    "type" : {
      "coding" : [{
        "system" : "urn:iso:std:iso:11073:10101",
        "code" : "532352"
      }],
      "text" : "MDC_REG_CERT_DATA_CONTINUA_VERSION: Continua version"
    },
    "value" : "6.0"
  }],
  "property" : [{
    "type" : {
      "coding" : [{
        "system" : "urn:iso:std:iso:11073:10101",
        "code" : "532353"
      }],
      "text" : "MDC_REG_CERT_DATA_CONTINUA_CERT_DEV_LIST: certified device list as transport-specialization combo"
    },
    "valueCode" : [{
      "coding" : [{
        "system" : "http://hl7.org/fhir/uv/phd/CodeSystem/ContinuaPHD",
        "code" : "32772"
      }]
    }]
  },
  {
    "type" : {
      "coding" : [{
        "system" : "http://hl7.org/fhir/uv/phd/CodeSystem/ASN1ToHL7",
        "code" : "532354.0"
      }],
      "text" : "regulation-status"
    },
    "valueCode" : [{
      "coding" : [{
        "system" : "http://terminology.hl7.org/CodeSystem/v2-0136",
        "code" : "N"
      }],
      "text" : "Device is Regulated"
    }]
  },
  {
    "type" : {
      "coding" : [{
        "system" : "urn:iso:std:iso:11073:10101",
        "code" : "68220"
      }],
      "text" : "MDC_TIME_SYNC_PROTOCOL: Time synchronization protocol"
    },
    "valueCode" : [{
      "coding" : [{
        "system" : "urn:iso:std:iso:11073:10101",
        "code" : "532224"
      }],
      "text" : "MDC_TIME_SYNC_NONE:"
    }]
  }]
}