{
  "resourceType" : "Bundle",
  "id" : "6bf13e4a-2d2e-4421-ba91-324b33ec4731",
  "meta" : {
    "lastUpdated" : "2024-04-25T07:57:56.879+00:00"
  },
  "type" : "collection",
  "entry" : [{
    "fullUrl" : "https://interop.esante.gouv.fr/ig/fhir/tlsv/ValueSet/TLSVCategory",
    "resource" : {
      "resourceType" : "ValueSet",
      "text" : {
        "status" : "generated",
        "div" : "<div xmlns=\"http://www.w3.org/1999/xhtml\"><p style=\"border: black 1px dotted; background-color: #EEEEEE; padding: 8px; margin-bottom: 8px\">Expansion based on <a href=\"http://terminology.hl7.org/5.5.0/CodeSystem-observation-category.html\">codesystem Observation Category Codes v1.0.0 (CodeSystem)</a></p><p>This value set contains 3 concepts.</p><table class=\"codes\"><tr><td style=\"white-space:nowrap\"><b>Code</b></td><td><b>System</b></td><td><b>Display</b></td><td><b>Definition</b></td></tr><tr><td style=\"white-space:nowrap\"><a name=\"http---terminology.hl7.org-CodeSystem-observation-category-survey\"> </a>\u00a0\u00a0<a href=\"http://terminology.hl7.org/5.5.0/CodeSystem-observation-category.html#observation-category-survey\">survey</a></td><td>http://terminology.hl7.org/CodeSystem/observation-category</td><td>Survey</td><td><div><p>Assessment tool/survey instrument observations (e.g., Apgar Scores, Montreal Cognitive Assessment (MoCA)).</p>\n</div></td></tr><tr><td style=\"white-space:nowrap\"><a name=\"http---terminology.hl7.org-CodeSystem-observation-category-vital-signs\"> </a>\u00a0\u00a0<a href=\"http://terminology.hl7.org/5.5.0/CodeSystem-observation-category.html#observation-category-vital-signs\">vital-signs</a></td><td>http://terminology.hl7.org/CodeSystem/observation-category</td><td>Vital Signs</td><td><div><p>Clinical observations measure the body's basic functions such as blood pressure, heart rate, respiratory rate, height, weight, body mass index, head circumference, pulse oximetry, temperature, and body surface area.</p>\n</div></td></tr><tr><td style=\"white-space:nowrap\"><a name=\"http---terminology.hl7.org-CodeSystem-observation-category-activity\"> </a>\u00a0\u00a0<a href=\"http://terminology.hl7.org/5.5.0/CodeSystem-observation-category.html#observation-category-activity\">activity</a></td><td>http://terminology.hl7.org/CodeSystem/observation-category</td><td>Activity</td><td><div><p>Observations that measure or record any bodily activity that enhances or maintains physical fitness and overall health and wellness.  Not under direct supervision of practitioner such as a physical therapist. (e.g., laps swum, steps, sleep data)</p>\n</div></td></tr></table></div>"
      },
      "url" : "https://interop.esante.gouv.fr/ig/fhir/tlsv/ValueSet/TLSVCategory",
      "version" : "0.1.0",
      "name" : "TLSVCategory",
      "title" : "TLSV Categories",
      "status" : "draft",
      "experimental" : false,
      "date" : "2024-04-25T07:57:56+00:00",
      "jurisdiction" : [{
        "coding" : [{
          "system" : "urn:iso:std:iso:3166",
          "code" : "FR",
          "display" : "FRANCE"
        }]
      }],
      "expansion" : {
        "identifier" : "urn:uuid:5e9d4a09-4f52-4f85-b293-948cf3939388",
        "timestamp" : "2024-04-25T07:58:11+00:00",
        "total" : 3,
        "offset" : 0,
        "parameter" : [{
          "name" : "count",
          "valueInteger" : 1000
        },
        {
          "name" : "offset",
          "valueInteger" : 0
        },
        {
          "name" : "excludeNested",
          "valueBoolean" : false
        },
        {
          "name" : "used-codesystem",
          "valueUri" : "http://terminology.hl7.org/CodeSystem/observation-category|1.0.0"
        }],
        "contains" : [{
          "system" : "http://terminology.hl7.org/CodeSystem/observation-category",
          "code" : "survey",
          "display" : "Survey"
        },
        {
          "system" : "http://terminology.hl7.org/CodeSystem/observation-category",
          "code" : "vital-signs",
          "display" : "Vital Signs"
        },
        {
          "system" : "http://terminology.hl7.org/CodeSystem/observation-category",
          "code" : "activity",
          "display" : "Activity"
        }]
      }
    }
  }]
}