<?xml version="1.0" encoding="UTF-8"?>

<Bundle xmlns="http://hl7.org/fhir">
  <id value="79bf91d1-b6a5-4580-9862-25a00b47fe03"/>
  <meta>
    <lastUpdated value="2024-04-25T07:25:16.115+00:00"/>
  </meta>
  <type value="collection"/>
  <entry>
    <fullUrl value="https://interop.esante.gouv.fr/ig/fhir/tlsv/ValueSet/TLSVCategory"/>
    <resource>
      <ValueSet>
        <text>
          <status value="generated"/>
          <div xmlns="http://www.w3.org/1999/xhtml">
            <p style="border: black 1px dotted; background-color: #EEEEEE; padding: 8px; margin-bottom: 8px">Expansion based on 
              <a href="http://terminology.hl7.org/5.5.0/CodeSystem-observation-category.html">codesystem Observation Category Codes v1.0.0 (CodeSystem)</a>
            </p>
            <p>This value set contains 3 concepts.</p>
            <table class="codes">
              <tr>
                <td style="white-space:nowrap">
                  <b>Code</b>
                </td>
                <td>
                  <b>System</b>
                </td>
                <td>
                  <b>Display</b>
                </td>
                <td>
                  <b>Definition</b>
                </td>
              </tr>
              <tr>
                <td style="white-space:nowrap">
                  <a name="http---terminology.hl7.org-CodeSystem-observation-category-survey"> </a>  
                  <a href="http://terminology.hl7.org/5.5.0/CodeSystem-observation-category.html#observation-category-survey">survey</a>
                </td>
                <td>http://terminology.hl7.org/CodeSystem/observation-category</td>
                <td>Survey</td>
                <td>
                  <div>
                    <p>Assessment tool/survey instrument observations (e.g., Apgar Scores, Montreal Cognitive Assessment (MoCA)).</p>

                  </div>
                </td>
              </tr>
              <tr>
                <td style="white-space:nowrap">
                  <a name="http---terminology.hl7.org-CodeSystem-observation-category-vital-signs"> </a>  
                  <a href="http://terminology.hl7.org/5.5.0/CodeSystem-observation-category.html#observation-category-vital-signs">vital-signs</a>
                </td>
                <td>http://terminology.hl7.org/CodeSystem/observation-category</td>
                <td>Vital Signs</td>
                <td>
                  <div>
                    <p>Clinical observations measure the body's basic functions such as blood pressure, heart rate, respiratory rate, height, weight, body mass index, head circumference, pulse oximetry, temperature, and body surface area.</p>

                  </div>
                </td>
              </tr>
              <tr>
                <td style="white-space:nowrap">
                  <a name="http---terminology.hl7.org-CodeSystem-observation-category-activity"> </a>  
                  <a href="http://terminology.hl7.org/5.5.0/CodeSystem-observation-category.html#observation-category-activity">activity</a>
                </td>
                <td>http://terminology.hl7.org/CodeSystem/observation-category</td>
                <td>Activity</td>
                <td>
                  <div>
                    <p>Observations that measure or record any bodily activity that enhances or maintains physical fitness and overall health and wellness.  Not under direct supervision of practitioner such as a physical therapist. (e.g., laps swum, steps, sleep data)</p>

                  </div>
                </td>
              </tr>
            </table>
          </div>
        </text>
        <url value="https://interop.esante.gouv.fr/ig/fhir/tlsv/ValueSet/TLSVCategory"/>
        <version value="0.1.0"/>
        <name value="TLSVCategory"/>
        <title value="TLSV Categories"/>
        <status value="draft"/>
        <experimental value="false"/>
        <date value="2024-04-25T07:25:16+00:00"/>
        <jurisdiction>
          <coding>
            <system value="urn:iso:std:iso:3166"/>
            <code value="FR"/>
            <display value="FRANCE"/>
          </coding>
        </jurisdiction>
        <expansion>
          <identifier value="urn:uuid:c8480660-65f8-416f-b06c-375bb7df4d5e"/>
          <timestamp value="2024-04-25T07:25:33+00:00"/>
          <total value="3"/>
          <offset value="0"/>
          <parameter>
            <name value="count"/>
            <valueInteger value="1000"/>
          </parameter>
          <parameter>
            <name value="offset"/>
            <valueInteger value="0"/>
          </parameter>
          <parameter>
            <name value="excludeNested"/>
            <valueBoolean value="false"/>
          </parameter>
          <parameter>
            <name value="used-codesystem"/>
            <valueUri value="http://terminology.hl7.org/CodeSystem/observation-category|1.0.0"/>
          </parameter>
          <contains>
            <system value="http://terminology.hl7.org/CodeSystem/observation-category"/>
            <code value="survey"/>
            <display value="Survey"/>
          </contains>
          <contains>
            <system value="http://terminology.hl7.org/CodeSystem/observation-category"/>
            <code value="vital-signs"/>
            <display value="Vital Signs"/>
          </contains>
          <contains>
            <system value="http://terminology.hl7.org/CodeSystem/observation-category"/>
            <code value="activity"/>
            <display value="Activity"/>
          </contains>
        </expansion>
      </ValueSet>
    </resource>
  </entry>
</Bundle>